<keymap version="1" name="IntelliJ IDEA Classic (OS X) copy" parent="Mac OS X">
  <action id="ActivateFindToolWindow" />
  <action id="Annotate">
    <keyboard-shortcut first-keystroke="ctrl meta a" />
  </action>
  <action id="CIDR.Lang.Cpp.GenerateDefinitions" />
  <action id="ChangesView.Diff" />
  <action id="ChangesView.ShelveSilently" />
  <action id="ClangFormat.ClangFormatAuto">
    <keyboard-shortcut first-keystroke="ctrl meta f" />
  </action>
  <action id="CompareTwoFiles" />
  <action id="Console.TableResult.CloneRow" />
  <action id="Console.TableResult.CompareCells" />
  <action id="DatabaseView.CopyAction" />
  <action id="Diff.ShowDiff" />
  <action id="Diff.ShowSettingsPopup" />
  <action id="EditorDuplicate">
    <keyboard-shortcut first-keystroke="alt d" />
  </action>
  <action id="FileChooser.GotoDesktop" />
  <action id="FileChooser.GotoModule" />
  <action id="Find">
    <keyboard-shortcut first-keystroke="meta f" />
  </action>
  <action id="Git.Log">
    <keyboard-shortcut first-keystroke="ctrl meta l" />
  </action>
  <action id="NextTab">
    <keyboard-shortcut first-keystroke="ctrl meta close_bracket" />
  </action>
  <action id="PreviousTab">
    <keyboard-shortcut first-keystroke="ctrl meta open_bracket" />
  </action>
  <action id="RunDashboard.CopyConfiguration" />
  <action id="SelectAllOccurrences">
    <keyboard-shortcut first-keystroke="shift meta g" />
  </action>
  <action id="SelectNextOccurrence">
    <keyboard-shortcut first-keystroke="meta d" />
  </action>
  <action id="SendEOF" />
  <action id="ShowBookmarks">
    <keyboard-shortcut first-keystroke="ctrl b" />
  </action>
  <action id="SwitchApply">
    <keyboard-shortcut first-keystroke="ctrl alt enter" />
  </action>
  <action id="SwitchDown">
    <keyboard-shortcut first-keystroke="ctrl alt down" />
  </action>
  <action id="SwitchLeft">
    <keyboard-shortcut first-keystroke="ctrl alt left" />
  </action>
  <action id="SwitchRight">
    <keyboard-shortcut first-keystroke="ctrl alt right" />
  </action>
  <action id="SwitchUp">
    <keyboard-shortcut first-keystroke="ctrl alt up" />
  </action>
  <action id="ToggleBookmark">
    <keyboard-shortcut first-keystroke="meta 3" />
    <keyboard-shortcut first-keystroke="alt b" />
  </action>
  <action id="ToggleBookmarkWithMnemonic" />
  <action id="ToggleFullScreen" />
  <action id="Uml.ShowDiff" />
  <action id="Vcs.Log.AnnotateRevisionAction" />
  <action id="Vcs.ShowHistoryForBlock">
    <keyboard-shortcut first-keystroke="alt h" />
  </action>
  <action id="XDebugger.CopyWatch" />
  <action id="openAssertEqualsDiff" />
</keymap>