<application>
  <component name="FileTypeManager" version="17">
    <ignoreFiles list="*.hprof;*.pyc;*.pyo;*.rbc;*.yarb;*_data_compressed.c;*~;.DS_Store;.git;.hg;.svn;CVS;RCS;SCCS;__pycache__;_svn;rcs;vssver.scc;vssver2.scc;" />
    <extensionMap>
      <mapping pattern="SConscript" type="PLAIN_TEXT" />
      <mapping pattern="ConfigNew" type="PLAIN_TEXT" />
      <mapping ext="magic" type="PLAIN_TEXT" />
      <mapping ext="log-ref-norm" type="PLAIN_TEXT" />
      <mapping ext="recover" type="PLAIN_TEXT" />
      <mapping ext="dox" type="PLAIN_TEXT" />
    </extensionMap>
  </component>
</application>