<application>
  <component name="UISettings">
    <option name="ACTIVATE_MRU_EDITOR_ON_CLOSE" value="true" />
    <option name="CLOSE_NON_MODIFIED_FILES_FIRST" value="true" />
    <option name="CONSOLE_COMMAND_HISTORY_LIMIT" value="500" />
    <option name="CONSOLE_CYCLE_BUFFER_SIZE_KB" value="5096" />
    <option name="EDITOR_TAB_LIMIT" value="7" />
    <option name="FONT_SCALE" value="1.0" />
    <option name="HIDE_TOOL_STRIPES" value="false" />
    <option name="MARK_MODIFIED_TABS_WITH_ASTERISK" value="true" />
    <option name="OVERRIDE_CONSOLE_CYCLE_BUFFER_SIZE" value="true" />
  </component>
</application>