<code_scheme name="PryonStyle" version="173">
  <option name="AUTODETECT_INDENTS" value="false" />
  <option name="RIGHT_MARGIN" value="100" />
  <option name="WRAP_WHEN_TYPING_REACHES_RIGHT_MARGIN" value="true" />
  <option name="SOFT_MARGINS" value="100" />
  <Objective-C>
    <option name="INDENT_NAMESPACE_MEMBERS" value="0" />
    <option name="INDENT_C_STRUCT_MEMBERS" value="2" />
    <option name="INDENT_CLASS_MEMBERS" value="2" />
    <option name="INDENT_VISIBILITY_KEYWORDS" value="1" />
    <option name="INDENT_INSIDE_CODE_BLOCK" value="2" />
    <option name="KEEP_STRUCTURES_IN_ONE_LINE" value="true" />
    <option name="KEEP_CASE_EXPRESSIONS_IN_ONE_LINE" value="true" />
    <option name="NAMESPACE_BRACE_PLACEMENT" value="2" />
    <option name="FUNCTION_BRACE_PLACEMENT" value="2" />
    <option name="FUNCTION_NON_TOP_AFTER_RETURN_TYPE_WRAP" value="0" />
    <option name="FUNCTION_TOP_AFTER_RETURN_TYPE_WRAP" value="0" />
    <option name="FUNCTION_PARAMETERS_WRAP" value="5" />
    <option name="FUNCTION_CALL_ARGUMENTS_WRAP" value="5" />
    <option name="TEMPLATE_PARAMETERS_WRAP" value="1" />
    <option name="TEMPLATE_CALL_ARGUMENTS_WRAP" value="5" />
    <option name="TEMPLATE_CALL_ARGUMENTS_ALIGN_MULTILINE" value="true" />
    <option name="CLASS_CONSTRUCTOR_INIT_LIST_WRAP" value="5" />
    <option name="ALIGN_INIT_LIST_IN_COLUMNS" value="false" />
    <option name="SPACE_BEFORE_PROTOCOLS_BRACKETS" value="false" />
    <option name="SPACE_BEFORE_REFERENCE_IN_DECLARATION" value="false" />
    <option name="SPACE_AFTER_REFERENCE_IN_DECLARATION" value="true" />
    <option name="KEEP_BLANK_LINES_BEFORE_END" value="1" />
  </Objective-C>
  <Objective-C-extensions>
    <file>
      <option name="com.jetbrains.cidr.lang.util.OCDeclarationKind" value="Import" />
      <option name="com.jetbrains.cidr.lang.util.OCDeclarationKind" value="Macro" />
      <option name="com.jetbrains.cidr.lang.util.OCDeclarationKind" value="Typedef" />
      <option name="com.jetbrains.cidr.lang.util.OCDeclarationKind" value="Enum" />
      <option name="com.jetbrains.cidr.lang.util.OCDeclarationKind" value="Constant" />
      <option name="com.jetbrains.cidr.lang.util.OCDeclarationKind" value="Global" />
      <option name="com.jetbrains.cidr.lang.util.OCDeclarationKind" value="Struct" />
      <option name="com.jetbrains.cidr.lang.util.OCDeclarationKind" value="FunctionPredecl" />
      <option name="com.jetbrains.cidr.lang.util.OCDeclarationKind" value="Function" />
    </file>
    <class>
      <option name="com.jetbrains.cidr.lang.util.OCDeclarationKind" value="Property" />
      <option name="com.jetbrains.cidr.lang.util.OCDeclarationKind" value="Synthesize" />
      <option name="com.jetbrains.cidr.lang.util.OCDeclarationKind" value="InitMethod" />
      <option name="com.jetbrains.cidr.lang.util.OCDeclarationKind" value="StaticMethod" />
      <option name="com.jetbrains.cidr.lang.util.OCDeclarationKind" value="InstanceMethod" />
      <option name="com.jetbrains.cidr.lang.util.OCDeclarationKind" value="DeallocMethod" />
    </class>
    <extensions>
      <pair source="cc" header="h" fileNamingConvention="SNAKE_CASE" />
      <pair source="c" header="h" fileNamingConvention="NONE" />
    </extensions>
  </Objective-C-extensions>
  <codeStyleSettings language="ObjectiveC">
    <option name="KEEP_BLANK_LINES_IN_DECLARATIONS" value="1" />
    <option name="KEEP_BLANK_LINES_IN_CODE" value="1" />
    <option name="KEEP_BLANK_LINES_BEFORE_RBRACE" value="1" />
    <option name="BLANK_LINES_BEFORE_IMPORTS" value="0" />
    <option name="BLANK_LINES_AROUND_METHOD" value="0" />
    <option name="BLANK_LINES_AROUND_METHOD_IN_INTERFACE" value="0" />
    <option name="BLANK_LINES_AFTER_CLASS_HEADER" value="1" />
    <option name="BRACE_STYLE" value="2" />
    <option name="CLASS_BRACE_STYLE" value="2" />
    <option name="ELSE_ON_NEW_LINE" value="true" />
    <option name="CATCH_ON_NEW_LINE" value="true" />
    <option name="ALIGN_MULTILINE_BINARY_OPERATION" value="false" />
    <option name="METHOD_CALL_CHAIN_WRAP" value="1" />
    <option name="BINARY_OPERATION_SIGN_ON_NEXT_LINE" value="true" />
    <option name="FOR_STATEMENT_WRAP" value="1" />
    <option name="ASSIGNMENT_WRAP" value="1" />
    <option name="IF_BRACE_FORCE" value="3" />
    <option name="DOWHILE_BRACE_FORCE" value="3" />
    <option name="WHILE_BRACE_FORCE" value="3" />
    <option name="FOR_BRACE_FORCE" value="3" />
    <indentOptions>
      <option name="INDENT_SIZE" value="2" />
      <option name="CONTINUATION_INDENT_SIZE" value="2" />
    </indentOptions>
  </codeStyleSettings>
</code_scheme>